threshold,entity_precision,entity_recall,entity_f0_5,false_positive_s1,zero_match_fp,mean_predictions_per_s1,total_predicted_links
0.9,0.9565013148565207,0.6604405307554301,0.7722848820897643,37555,3358,2.462540952777992,1086872
0.91,0.9581735469925187,0.6598329471352047,0.772966342166188,35874,3225,2.451062846371006,1081806
0.92,0.9599984930360907,0.6591711914572722,0.7737041949697585,34139,3069,2.4387668172611146,1076379
0.93,0.9619450857309204,0.6582888181860214,0.7743703350946027,32245,2909,2.424905179875023,1070261
0.94,0.9639925653418102,0.6571597967866778,0.7749558134592275,30273,2737,2.4090157285856053,1063248
0.95,0.9662280688942105,0.6556888584869587,0.7753965631404366,28151,2536,2.3906815720429035,1055156
0.96,0.968805788392572,0.6536757474482066,0.7757866030347065,25675,2314,2.3682192848500776,1045242
0.97,0.9718653358971618,0.650664243304073,0.7757566772116202,22884,2041,2.338826178964206,1032269
0.98,0.9756288372107412,0.6456606793982953,0.7749816094719523,19489,1687,2.297621906734155,1014083
0.985,0.9779247864830926,0.6414405750692711,0.773722142709106,17474,1478,2.267673700952959,1000865
0.99,0.9809530426394341,0.6342316066519299,0.7710100286040952,14902,1217,2.222250669518445,980817
0.995,0.9855499795507601,0.6189249993000238,0.7638512144539086,11205,803,2.1378754854291944,943577
0.999,0.993461987196242,0.5603445517816562,0.726320389175145,5186,316,1.8818838051304825,830592
