model,feature_group,threshold,entity_precision,entity_recall,entity_f0_5,pair_precision,pair_recall,pair_auc,false_positive_s1,mean_predictions_per_s1,runtime_seconds
LightGBM,ALL,0.05,0.705241955628291,0.6474761558625911,0.6253654612744671,0.823862820596489,0.9921944768924096,0.9997570545976887,248632,3.806677965026441,850.957019329071
LightGBM,ALL,0.1,0.7461220191908174,0.6505862418542472,0.6524500432359175,0.823862820596489,0.9921944768924096,0.9997570545976887,217033,3.5026168995065277,850.957019329071
LightGBM,ALL,0.15,0.7720627747012495,0.6527156253722056,0.6689988466494278,0.823862820596489,0.9921944768924096,0.9997570545976887,196098,3.339594255962226,850.957019329071
LightGBM,ALL,0.2,0.7919845066793658,0.6542726248348361,0.6806790324055344,0.823862820596489,0.9921944768924096,0.9997570545976887,179841,3.2307765507678505,850.957019329071
LightGBM,ALL,0.25,0.8112406921996624,0.6556049679792847,0.6908791865566473,0.823862820596489,0.9921944768924096,0.9997570545976887,164660,3.1361694028937697,850.957019329071
LightGBM,ALL,0.3,0.8300990402714707,0.6568509019301756,0.7007878727956788,0.823862820596489,0.9921944768924096,0.9997570545976887,150377,3.0429035576239007,850.957019329071
LightGBM,ALL,0.35,0.845887290662377,0.6578766130712242,0.7093934292537152,0.823862820596489,0.9921944768924096,0.9997570545976887,138124,2.964231175316407,850.957019329071
LightGBM,ALL,0.4,0.8595047110135634,0.6587573993619456,0.7170653563921997,0.823862820596489,0.9921944768924096,0.9997570545976887,127308,2.8965814909303473,850.957019329071
LightGBM,ALL,0.45,0.8722682787430703,0.6595421949906006,0.7245198864355589,0.823862820596489,0.9921944768924096,0.9997570545976887,116699,2.834145214132617,850.957019329071
LightGBM,ALL,0.5,0.8852056641611407,0.6603181822070819,0.7316487010340121,0.823862820596489,0.9921944768924096,0.9997570545976887,106057,2.7774026762612096,850.957019329071
LightGBM,ALL,0.55,0.8966180640892362,0.6609907548705053,0.7377756505581965,0.823862820596489,0.9921944768924096,0.9997570545976887,96453,2.729745650962249,850.957019329071
LightGBM,ALL,0.6,0.9055482118254417,0.6615086035528983,0.7427738535832894,0.823862820596489,0.9921944768924096,0.9997570545976887,88485,2.6918334609685473,850.957019329071
LightGBM,ALL,0.65,0.9129817645210351,0.6617939162678038,0.7471247639438154,0.823862820596489,0.9921944768924096,0.9997570545976887,81492,2.6582759730108165,850.957019329071
LightGBM,ALL,0.7,0.9202465037467369,0.6618758892557475,0.751347340787606,0.823862820596489,0.9921944768924096,0.9997570545976887,74572,2.6246595764927654,850.957019329071
LightGBM,ALL,0.75,0.9277271732266338,0.6619104045292825,0.7556650206060553,0.823862820596489,0.9921944768924096,0.9997570545976887,67375,2.590087048726442,850.957019329071
LightGBM,ALL,0.8,0.9352522090702908,0.6617633803790016,0.759995712536063,0.823862820596489,0.9921944768924096,0.9997570545976887,59997,2.5539398498284855,850.957019329071
LightGBM,ALL,0.85,0.9431373859170896,0.6612598560431111,0.7644806559839273,0.823862820596489,0.9921944768924096,0.9997570545976887,52228,2.5136871774189893,850.957019329071
LightGBM,ALL,0.9,0.9519246873340615,0.6596942531614672,0.7689266764790242,0.823862820596489,0.9921944768924096,0.9997570545976887,43430,2.464376181003349,850.957019329071
LightGBM,ALL,0.95,0.9635288477587977,0.6555134140132414,0.7734722583136134,0.823862820596489,0.9921944768924096,0.9997570545976887,31996,2.3894580865593325,850.957019329071
XGBoost,ALL,0.05,0.736795583316563,0.6500159554641584,0.6481367808309575,0.8358268521715514,0.9917327278854156,0.9997396939532275,223582,3.588177051943756,1294.7213060855865
XGBoost,ALL,0.1,0.7717902719951669,0.653288278256283,0.671075237198929,0.8358268521715514,0.9917327278854156,0.9997396939532275,194384,3.372576252599907,1294.7213060855865
XGBoost,ALL,0.15,0.7971909226523237,0.6554080936286547,0.6855048857987103,0.8358268521715514,0.9917327278854156,0.9997396939532275,173852,3.2382420779314938,1294.7213060855865
XGBoost,ALL,0.2,0.8176510184384924,0.6570489029258213,0.6966973691379403,0.8358268521715514,0.9917327278854156,0.9997396939532275,157645,3.1345698089096934,1294.7213060855865
XGBoost,ALL,0.25,0.8344313519467882,0.6582521875923393,0.7060571205712769,0.8358268521715514,0.9917327278854156,0.9997396939532275,144336,3.0479923509500138,1294.7213060855865
XGBoost,ALL,0.3,0.8504601369924675,0.6593286884857141,0.714792150534741,0.8358268521715514,0.9917327278854156,0.9997396939532275,131604,2.9686062687771035,1294.7213060855865
XGBoost,ALL,0.35,0.8659345299712039,0.6603019024154695,0.7229836250853615,0.8358268521715514,0.9917327278854156,0.9997396939532275,119496,2.896162333866531,1294.7213060855865
XGBoost,ALL,0.4,0.8799932615732866,0.661229408347147,0.7305061139695667,0.8358268521715514,0.9917327278854156,0.9997396939532275,108261,2.832745002968085,1294.7213060855865
XGBoost,ALL,0.45,0.8921055896162234,0.6620071918693102,0.737078175053281,0.8358268521715514,0.9917327278854156,0.9997396939532275,98204,2.7792673587667265,1294.7213060855865
XGBoost,ALL,0.5,0.9018392613039129,0.6626319939340304,0.7425616018247666,0.8358268521715514,0.9917327278854156,0.9997396939532275,89786,2.73637286399826,1294.7213060855865
XGBoost,ALL,0.55,0.9096021327263119,0.6629699251560195,0.7469472146315824,0.8358268521715514,0.9917327278854156,0.9997396939532275,82679,2.7015171219996286,1294.7213060855865
XGBoost,ALL,0.6,0.916515876458752,0.6631922950812065,0.7508685302795247,0.8358268521715514,0.9917327278854156,0.9997396939532275,76179,2.66974275084851,1294.7213060855865
XGBoost,ALL,0.65,0.9231566318142775,0.6633139648144983,0.7545958267446782,0.8358268521715514,0.9917327278854156,0.9997396939532275,69964,2.6388995880932207,1294.7213060855865
XGBoost,ALL,0.7,0.9293949623611871,0.6633445168869685,0.7581196223082549,0.8358268521715514,0.9917327278854156,0.9997396939532275,64042,2.6092413936859087,1294.7213060855865
XGBoost,ALL,0.75,0.9357467354854103,0.6632268705939578,0.7616092550513109,0.8358268521715514,0.9917327278854156,0.9997396939532275,57969,2.5784979223403917,1294.7213060855865
XGBoost,ALL,0.8,0.9422375343085344,0.6628927802964131,0.7651413745676349,0.8358268521715514,0.9917327278854156,0.9997396939532275,51619,2.54566546281737,1294.7213060855865
XGBoost,ALL,0.85,0.9489750016681593,0.6621241188880724,0.7686973661183576,0.8358268521715514,0.9917327278854156,0.9997396939532275,44981,2.5088294869064396,1294.7213060855865
XGBoost,ALL,0.9,0.9565013148565233,0.6604405307554346,0.7722848820897773,0.8358268521715514,0.9917327278854156,0.9997396939532275,37555,2.462540952777992,1294.7213060855865
XGBoost,ALL,0.95,0.9662280688942152,0.655688858486964,0.7753965631404426,0.8358268521715514,0.9917327278854156,0.9997396939532275,28151,2.3906815720429035,1294.7213060855865
